segmento_mercado,reserva_cancelada
AT Offline,15.230192719486082
AT Online,35.24169439900728
Corporativo,15.201385881333913
Direta,13.480730846000307
Grupos,42.39204934886909
