segmento_mercado,receita_por_noite
AT Offline,74.66257093147752
AT Online,113.4324801173219
Corporativo,51.563183196188824
Direta,111.67083985874406
Grupos,66.44696367374914
