ano_chegada,receita_por_noite
2015,89.69640260838064
2016,88.19725411611786
2017,109.18325529967973
